{"scheduling": 0.0019502639770507812, "initial placement": 0.0020363330841064453, "intermediate placement": 11.19315481185913, "routing": 15.205163955688477, "total": 26.448973178863525}