{"scheduling": 0.0003447532653808594, "initial placement": 0.0004591941833496094, "intermediate placement": 1.8717472553253174, "routing": 0.8479645252227783, "total": 2.726552724838257}