{"scheduling": 0.0002548694610595703, "initial placement": 0.00035309791564941406, "intermediate placement": 2.1420328617095947, "routing": 0.5785465240478516, "total": 2.7262637615203857}