{"scheduling": 0.00017881393432617188, "initial placement": 0.0002512931823730469, "intermediate placement": 1.0771725177764893, "routing": 0.18898749351501465, "total": 1.2694756984710693}