{"scheduling": 0.00022172927856445312, "initial placement": 0.00030541419982910156, "intermediate placement": 1.5622422695159912, "routing": 0.3123459815979004, "total": 1.878990888595581}