{"scheduling": 0.0003390312194824219, "initial placement": 0.0004544258117675781, "intermediate placement": 1.914924144744873, "routing": 0.8668332099914551, "total": 2.7889397144317627}