{"scheduling": 0.00016379356384277344, "initial placement": 0.0002448558807373047, "intermediate placement": 1.0744805335998535, "routing": 0.1871035099029541, "total": 1.2647974491119385}