{"scheduling": 0.00025844573974609375, "initial placement": 0.0003523826599121094, "intermediate placement": 2.122347116470337, "routing": 0.5862550735473633, "total": 2.714104175567627}