{"scheduling": 0.0002219676971435547, "initial placement": 0.0003066062927246094, "intermediate placement": 1.5224971771240234, "routing": 0.3051481246948242, "total": 1.8319604396820068}