{"scheduling": 0.0017237663269042969, "initial placement": 0.0006895065307617188, "intermediate placement": 3.5190627574920654, "routing": 2.698542833328247, "total": 6.232523441314697}