{"scheduling": 0.0006375312805175781, "initial placement": 0.0007011890411376953, "intermediate placement": 3.4466958045959473, "routing": 2.702441930770874, "total": 6.162923336029053}