{"scheduling": 0.0026230812072753906, "initial placement": 0.0026137828826904297, "intermediate placement": 13.76630973815918, "routing": 21.516762733459473, "total": 35.34824252128601}