{"scheduling": 0.0017216205596923828, "initial placement": 0.001911163330078125, "intermediate placement": 8.840775489807129, "routing": 13.03029990196228, "total": 21.91413640975952}