{"scheduling": 0.0035219192504882812, "initial placement": 0.003621339797973633, "intermediate placement": 19.603723526000977, "routing": 32.448673486709595, "total": 52.145309925079346}