{"scheduling": 0.0035436153411865234, "initial placement": 0.0037403106689453125, "intermediate placement": 19.857852697372437, "routing": 33.1169490814209, "total": 53.067108392715454}