{"scheduling": 0.0017049312591552734, "initial placement": 0.0019631385803222656, "intermediate placement": 8.754676580429077, "routing": 12.811942338943481, "total": 21.60863709449768}