{"scheduling": 0.0026390552520751953, "initial placement": 0.0027518272399902344, "intermediate placement": 13.826372861862183, "routing": 21.601553678512573, "total": 35.49348449707031}