{"scheduling": 0.0015482902526855469, "initial placement": 0.0015902519226074219, "intermediate placement": 7.917090654373169, "routing": 10.666382074356079, "total": 18.621591567993164}