{"scheduling": 0.0018405914306640625, "initial placement": 0.0016353130340576172, "intermediate placement": 7.928440809249878, "routing": 10.684961318969727, "total": 18.65227746963501}