{"scheduling": 0.0043714046478271484, "initial placement": 0.004194974899291992, "intermediate placement": 23.789491415023804, "routing": 38.764830112457275, "total": 62.666497468948364}