{"scheduling": 0.004995107650756836, "initial placement": 0.0041751861572265625, "intermediate placement": 23.595967292785645, "routing": 38.68959712982178, "total": 62.398377418518066}