{"scheduling": 0.0030684471130371094, "initial placement": 0.003033161163330078, "intermediate placement": 16.78085494041443, "routing": 24.012054920196533, "total": 40.868993520736694}