{"scheduling": 0.0019757747650146484, "initial placement": 0.0021135807037353516, "intermediate placement": 11.084989309310913, "routing": 15.710954189300537, "total": 26.847105503082275}