{"scheduling": 0.002813577651977539, "initial placement": 0.0029866695404052734, "intermediate placement": 16.5612154006958, "routing": 24.126805543899536, "total": 40.76511907577515}