{"scheduling": 0.002088308334350586, "initial placement": 0.002121448516845703, "intermediate placement": 11.228012084960938, "routing": 16.274045705795288, "total": 27.554470539093018}