{"scheduling": 0.0023746490478515625, "initial placement": 43.766597509384155, "intermediate placement": 10.80145788192749, "routing": 15.213658809661865, "total": 69.83150005340576}